Workbook

Sheet Quadrat Data & Indices
A1: Plant Population & Species Diversity Analysis - Botanical Garden (JU)
A2: Realistic Quadrat Field Data with Zero Presence, Dominance Hierarchy, and Diversity Indices
A4: Sl. No. | B4: Scientific Name | C4: Family | D4: Q1 | E4: Q2 | F4: Q3 | G4: Q4 | H4: Q5 | I4: No. of Individuals (ni) | J4: Relative Abundance (pi = ni/N) | K4: ln(pi) | L4: pi * ln(pi)
A5: 1 | B5: Spilanthes acmella | C5: Asteraceae | D5: 26 | E5: 32 | F5: 21 | G5: 38 | H5: 44 | I5: =SUM(D5:H5) | J5: =I5/$I$51 | K5: =IF(J5>0, LN(J5), 0) | L5: =IF(J5>0, J5*K5, 0)
A6: 2 | B6: Cynodon dactylon | C6: Poaceae | D6: 26 | E6: 30 | F6: 24 | G6: 28 | H6: 23 | I6: =SUM(D6:H6) | J6: =I6/$I$51 | K6: =IF(J6>0, LN(J6), 0) | L6: =IF(J6>0, J6*K6, 0)
A7: 3 | B7: Wedelia trilobata | C7: Asteraceae | D7: 19 | E7: 23 | F7: 36 | G7: 43 | H7: 43 | I7: =SUM(D7:H7) | J7: =I7/$I$51 | K7: =IF(J7>0, LN(J7), 0) | L7: =IF(J7>0, J7*K7, 0)
A8: 4 | B8: Mimosa pudica | C8: Fabaceae | D8: 5 | E8: 12 | F8: 8 | G8: 5 | H8: 18 | I8: =SUM(D8:H8) | J8: =I8/$I$51 | K8: =IF(J8>0, LN(J8), 0) | L8: =IF(J8>0, J8*K8, 0)
A9: 5 | B9: Centella asiatica | C9: Apiaceae | D9: 22 | E9: 8 | F9: 0 | G9: 12 | H9: 18 | I9: =SUM(D9:H9) | J9: =I9/$I$51 | K9: =IF(J9>0, LN(J9), 0) | L9: =IF(J9>0, J9*K9, 0)
A10: 6 | B10: Nelsonia canescens | C10: Acanthaceae | D10: 8 | E10: 12 | F10: 12 | G10: 0 | H10: 5 | I10: =SUM(D10:H10) | J10: =I10/$I$51 | K10: =IF(J10>0, LN(J10), 0) | L10: =IF(J10>0, J10*K10, 0)
A11: 7 | B11: Hemidesmus indicus | C11: Apocynaceae | D11: 5 | E11: 22 | F11: 12 | G11: 12 | H11: 18 | I11: =SUM(D11:H11) | J11: =I11/$I$51 | K11: =IF(J11>0, LN(J11), 0) | L11: =IF(J11>0, J11*K11, 0)
A12: 8 | B12: Ichnocarpus frutescens | C12: Apocynaceae | D12: 12 | E12: 22 | F12: 18 | G12: 12 | H12: 8 | I12: =SUM(D12:H12) | J12: =I12/$I$51 | K12: =IF(J12>0, LN(J12), 0) | L12: =IF(J12>0, J12*K12, 0)
A13: 9 | B13: Blumea lacera | C13: Asteraceae | D13: 22 | E13: 8 | F13: 18 | G13: 18 | H13: 12 | I13: =SUM(D13:H13) | J13: =I13/$I$51 | K13: =IF(J13>0, LN(J13), 0) | L13: =IF(J13>0, J13*K13, 0)
A14: 10 | B14: Cleome rutidosperma | C14: Cleomaceae | D14: 22 | E14: 0 | F14: 5 | G14: 18 | H14: 18 | I14: =SUM(D14:H14) | J14: =I14/$I$51 | K14: =IF(J14>0, LN(J14), 0) | L14: =IF(J14>0, J14*K14, 0)
A15: 11 | B15: Persicaria hydropiper | C15: Polygonaceae | D15: 0 | E15: 0 | F15: 2 | G15: 0 | H15: 2 | I15: =SUM(D15:H15) | J15: =I15/$I$51 | K15: =IF(J15>0, LN(J15), 0) | L15: =IF(J15>0, J15*K15, 0)
A16: 12 | B16: Mikania cordata | C16: Asteraceae | D16: 1 | E16: 2 | F16: 1 | G16: 0 | H16: 0 | I16: =SUM(D16:H16) | J16: =I16/$I$51 | K16: =IF(J16>0, LN(J16), 0) | L16: =IF(J16>0, J16*K16, 0)
... A50: 46 | B50: Mecardonia procumbens | C50: Plantaginaceae | D50: 1 | E50: 0 | F50: 0 | G50: 0 | H50: 0 | I50: =SUM(D50:H50) | J50: =I50/$I$51 | K50: =IF(J50>0, LN(J50), 0) | L50: =IF(J50>0, J50*K50, 0)
A51: Total (N) | D51: =SUM(D5:D50) | E51: =SUM(E5:E50) | F51: =SUM(F5:F50) | G51: =SUM(G5:G50) | H51: =SUM(H5:H50) | I51: =SUM(I5:I50) | J51: =SUM(J5:J50) | K51: — | L51: =SUM(L5:L50)
A54: ECOLOGICAL DIVERSITY INDICES SUMMARY
A55: Observed Species Richness (S) | E55: =COUNTIF(I5:I50, ">0")
A56: Total Individuals (N) | E56: =I51
A57: Shannon-Wiener Index (H') | E57: =-L51
A58: Simpson Index (D) | E58: =SUMSQ(J5:J50)
A59: Simpson Diversity Index (1 - D) | E59: =1-E58
A60: Pielou's Evenness Index (J') | E60: =E57/LN(E55)

Sheet Family Summary
A1: Family-wise Plant Abundance & Richness Summary
A3: Family | B3: Number of Species | C3: Total Individuals (ni) | D3: Relative Abundance (pi) | E3: % Share
A4: Acanthaceae | B4: =COUNTIFS('Quadrat Data & Indices'!$C$5:$C$50, A4, 'Quadrat Data & Indices'!$I$5:$I$50, ">0") | C4: =SUMIF('Quadrat Data & Indices'!$C$5:$C$50, A4, 'Quadrat Data & Indices'!$I$5:$I$50) | D4: =C4/'Quadrat Data & Indices'!$I$51 | E4: =D4
A5: Amaranthaceae | B5: =COUNTIFS('Quadrat Data & Indices'!$C$5:$C$50, A5, 'Quadrat Data & Indices'!$I$5:$I$50, ">0") | C5: =SUMIF('Quadrat Data & Indices'!$C$5:$C$50, A5, 'Quadrat Data & Indices'!$I$5:$I$50) | D5: =C5/'Quadrat Data & Indices'!$I$51 | E5: =D5
A6: Apiaceae | B6: =COUNTIFS('Quadrat Data & Indices'!$C$5:$C$50, A6, 'Quadrat Data & Indices'!$I$5:$I$50, ">0") | C6: =SUMIF('Quadrat Data & Indices'!$C$5:$C$50, A6, 'Quadrat Data & Indices'!$I$5:$I$50) | D6: =C6/'Quadrat Data & Indices'!$I$51 | E6: =D6
A7: Apocynaceae | B7: =COUNTIFS('Quadrat Data & Indices'!$C$5:$C$50, A7, 'Quadrat Data & Indices'!$I$5:$I$50, ">0") | C7: =SUMIF('Quadrat Data & Indices'!$C$5:$C$50, A7, 'Quadrat Data & Indices'!$I$5:$I$50) | D7: =C7/'Quadrat Data & Indices'!$I$51 | E7: =D7
A8: Asteraceae | B8: =COUNTIFS('Quadrat Data & Indices'!$C$5:$C$50, A8, 'Quadrat Data & Indices'!$I$5:$I$50, ">0") | C8: =SUMIF('Quadrat Data & Indices'!$C$5:$C$50, A8, 'Quadrat Data & Indices'!$I$5:$I$50) | D8: =C8/'Quadrat Data & Indices'!$I$51 | E8: =D8
A9: Cleomaceae | B9: =COUNTIFS('Quadrat Data & Indices'!$C$5:$C$50, A9, 'Quadrat Data & Indices'!$I$5:$I$50, ">0") | C9: =SUMIF('Quadrat Data & Indices'!$C$5:$C$50, A9, 'Quadrat Data & Indices'!$I$5:$I$50) | D9: =C9/'Quadrat Data & Indices'!$I$51 | E9: =D9
A10: Convolvulaceae | B10: =COUNTIFS('Quadrat Data & Indices'!$C$5:$C$50, A10, 'Quadrat Data & Indices'!$I$5:$I$50, ">0") | C10: =SUMIF('Quadrat Data & Indices'!$C$5:$C$50, A10, 'Quadrat Data & Indices'!$I$5:$I$50) | D10: =C10/'Quadrat Data & Indices'!$I$51 | E10: =D10
A11: Cyperaceae | B11: =COUNTIFS('Quadrat Data & Indices'!$C$5:$C$50, A11, 'Quadrat Data & Indices'!$I$5:$I$50, ">0") | C11: =SUMIF('Quadrat Data & Indices'!$C$5:$C$50, A11, 'Quadrat Data & Indices'!$I$5:$I$50) | D11: =C11/'Quadrat Data & Indices'!$I$51 | E11: =D11
A12: Fabaceae | B12: =COUNTIFS('Quadrat Data & Indices'!$C$5:$C$50, A12, 'Quadrat Data & Indices'!$I$5:$I$50, ">0") | C12: =SUMIF('Quadrat Data & Indices'!$C$5:$C$50, A12, 'Quadrat Data & Indices'!$I$5:$I$50) | D12: =C12/'Quadrat Data & Indices'!$I$51 | E12: =D12
A13: Lamiaceae | B13: =COUNTIFS('Quadrat Data & Indices'!$C$5:$C$50, A13, 'Quadrat Data & Indices'!$I$5:$I$50, ">0") | C13: =SUMIF('Quadrat Data & Indices'!$C$5:$C$50, A13, 'Quadrat Data & Indices'!$I$5:$I$50) | D13: =C13/'Quadrat Data & Indices'!$I$51 | E13: =D13
A14: Malvaceae | B14: =COUNTIFS('Quadrat Data & Indices'!$C$5:$C$50, A14, 'Quadrat Data & Indices'!$I$5:$I$50, ">0") | C14: =SUMIF('Quadrat Data & Indices'!$C$5:$C$50, A14, 'Quadrat Data & Indices'!$I$5:$I$50) | D14: =C14/'Quadrat Data & Indices'!$I$51 | E14: =D14
A15: Marsileaceae | B15: =COUNTIFS('Quadrat Data & Indices'!$C$5:$C$50, A15, 'Quadrat Data & Indices'!$I$5:$I$50, ">0") | C15: =SUMIF('Quadrat Data & Indices'!$C$5:$C$50, A15, 'Quadrat Data & Indices'!$I$5:$I$50) | D15: =C15/'Quadrat Data & Indices'!$I$51 | E15: =D15
... A26: Verbenaceae | B26: =COUNTIFS('Quadrat Data & Indices'!$C$5:$C$50, A26, 'Quadrat Data & Indices'!$I$5:$I$50, ">0") | C26: =SUMIF('Quadrat Data & Indices'!$C$5:$C$50, A26, 'Quadrat Data & Indices'!$I$5:$I$50) | D26: =C26/'Quadrat Data & Indices'!$I$51 | E26: =D26
A27: Total | B27: =SUM(B4:B26) | C27: =SUM(C4:C26) | D27: =SUM(D4:D26) | E27: =SUM(E4:E26)
